"genre","avg_rental_duration"
"Thriller",6.0
"Travel",5.350877192982456
"Music",5.235294117647059
"Family",5.161764705882353
"Foreign",5.10958904109589
"Drama",5.080645161290323
"Classics",5.0701754385964914
"Games",5.065573770491803
"Children",5.033333333333333
"Action",4.953125
"Comedy",4.931034482758621
"Animation",4.893939393939394
"Sci-Fi",4.885245901639344
"Horror",4.857142857142857
"Documentary",4.764705882352941
"New",4.746031746031746
"Sports",4.716216216216216
